LAT,LON,ALT,distance,RSSI_TESTER,RT_POWER,OH_POWER,LD_POWER,LDVA_POWER
37.6014,-0.979862,29.7,19.956606373673655,-86.0,-92.4707006213346,-77.286164743028,-84.629760684751,-81.983535233489
37.6014,-0.979867,29.6,19.937777999216454,-78.0,-81.0348196979799,-77.218713214887,-84.555478242975,-85.401386675546
37.601398,-0.979912,29.5,19.76455902753668,-78.0,-83.27681454644251,-76.598045911866,-83.871955066128,-80.127142265175
37.601382,-0.979953,29.5,19.596027487146443,-81.0,-88.0050844741828,-75.994163647018,-83.206916772501,-82.301910423002
37.601348,-0.98,29.4,19.395576884753403,-77.0,-81.40167875375849,-75.275932053179,-82.415948828254,-81.805659828668
37.601322,-0.980042,29.7,19.210327215557687,-77.0,-79.9502282936381,-74.612156663299,-81.684951946357,-83.697586857972
37.601295,-0.980075,30.4,19.066652171543275,-85.0,-89.5450101701355,-74.097358236557,-81.11801913973,-78.128640818287
37.601278,-0.98011,30.4,18.908299684903056,-72.0,-69.3142097646351,-73.529958601404,-80.493158124378,-79.319692884168
37.601263,-0.980148,30.8,18.73082168588003,-76.0,-69.499641873647,-72.894015445323,-79.792812086778,-82.877862681327
37.601263,-0.98019,30.5,18.512387744421574,-72.0,-69.62059154340321,-72.111336696313,-78.930870330912,-81.211107914471
37.601262,-0.980242,30.0,18.228379718564383,-90.0,-69.419942221231,-71.093702689163,-77.810179058713,-77.408841198102
37.601248,-0.9803,30.3,17.908844568348034,-72.0,-69.76302814636611,-69.948772475846,-76.549300109773,-74.159754844043
37.601235,-0.980358,31.4,17.571605956027593,-77.0,-70.2088079705992,-68.740400970713,-75.218555077805,-77.809634853465
37.601223,-0.980542,30.4,16.326364396668566,-74.0,-74.0471360813592,-64.278543094709,-70.304838413172,-70.39618976278
37.601255,-0.980568,30.6,15.991994480130378,-79.0,-74.9693626079097,-63.080460861857,-68.985424662943,-69.586075331665
37.60129,-0.980567,30.8,15.9004560440402,-73.0,-73.5488865274202,-62.752458291481,-68.624204798732,-68.20496823977
37.601347,-0.980543,31.5,16.04193641839117,-76.0,-92.524311529474,-63.259405814385,-69.182491629154,-68.562512432285
37.601473,-0.9805,35.9,16.594626625306862,-77.0,-89.7081802505278,-65.239741053597,-71.363378277025,-69.61705506127
37.601677,-0.980275,29.9,18.612792551164546,-75.0,-97.9328912452395,-72.471100636293,-79.32706808448,-80.712816555792
37.601688,-0.98023,28.5,18.816539385728333,-81.0,-93.794571237655,-73.201156175781,-80.131057402424,-80.498082341183
37.601705,-0.9802,27.2,19.013122605499383,-86.0,-90.1265075083992,-73.905547165802,-80.906783084925,-81.838200369062
37.601742,-0.980223,26.7,19.04005924670015,-74.0,-86.2647760381556,-74.002067400468,-81.013078063101,-85.352628392814
37.601767,-0.980257,25.8,18.99477416518095,-80.0,-86.7574313295297,-73.839805693496,-80.834383878808,-81.765337040785
37.601787,-0.9803,24.8,18.90944986024609,-79.0,-78.42033547571421,-73.534067526753,-80.497683166529,-78.166768299557
37.601805,-0.980347,23.8,18.812659371915522,-79.0,-70.20218014464919,-73.187265960172,-80.115760504628,-80.801804810408
37.60184,-0.98039,23.4,18.81549554640528,-83.0,-55.5603067097918,-73.197423326626,-80.126946522246,-80.237743146416
37.60187,-0.980415,22.7,18.848621733456056,-81.0,-57.2939140082424,-73.316113538373,-80.257656663088,-79.079008936503
37.601918,-0.98045,21.9,18.97360385586041,-77.0,-54.219411444529,-73.763938210023,-80.750833185755,-79.844017318917
37.601935,-0.980478,21.3,18.999462873972025,-70.0,-52.2500884632165,-73.856606625258,-80.852886265185,-78.54519640244
37.601972,-0.980517,21.8,19.09056731558151,-62.0,-67.775461005604,-74.18303923958,-81.212377181626,-83.798552299042
37.602,-0.980538,21.2,19.186551033921376,-62.0,-69.5515638469946,-74.52696018821,-81.591127501238,-81.719923503314
37.602032,-0.980568,21.8,19.29032998605001,-62.0,-68.0329758757099,-74.898808351502,-82.000633264858,-83.081490317606
37.602067,-0.980602,21.2,19.40925186794772,-74.0,-77.0138309455073,-75.324926225936,-82.469904711618,-82.374044965518
37.602078,-0.980603,21.4,19.460979051878,-79.0,-75.9451113246521,-75.510279366046,-82.674028831818,-82.2817965363
37.60208,-0.980603,21.5,19.47063973067141,-73.0,-78.9018837990316,-75.544888213161,-82.712142566846,-82.312423323107
37.60208,-0.980602,21.5,19.472287806573426,-75.0,-77.7325037700967,-75.550803474485,-82.718656875223,-84.288586221654
37.602078,-0.980598,21.6,19.46925113373822,-73.0,-73.6728727337368,-75.539910857902,-82.706661147633,-87.248240672205
37.602077,-0.980597,21.6,19.466089561318473,-83.0,-77.1274964612024,-75.528577805147,-82.694180380264,-85.59113708502
37.602073,-0.980597,21.7,19.446795405887972,-79.0,-76.6721252017705,-75.459456834933,-82.618059429608,-82.566233553357
37.60209,-0.980615,21.7,19.50254319181427,-75.0,-77.23467018244,-75.659206469164,-82.838037997673,-82.624731858442
37.602125,-0.980658,21.8,19.61793525771085,-78.0,-74.8245277725795,-76.072670093856,-83.29337368055,-84.707476832578
37.602153,-0.980692,21.3,19.716728425298285,-79.0,-66.458923921497,-76.42666429596,-83.683217386558,-83.652329745505
37.60219,-0.980748,20.4,19.843468073529102,-77.0,-68.328615017113,-76.88078164124,-84.183323850998,-83.786469013675
37.602228,-0.980793,20.4,19.997888815758614,-92.0,-69.9684102450679,-77.434087608871,-84.792663912771,-80.288729030598
37.60225,-0.98086,19.4,20.07209909656732,-84.0,-71.1216763858383,-77.700058351086,-85.085569896029,-85.841286804245
37.602285,-0.980883,19.2,20.224943558374008,-83.0,-69.2181922988678,-78.247688112459,-85.688658913942,-83.097425351761
37.602322,-0.98092,18.4,20.38302172199525,-80.0,-69.7031198154377,-78.814143000709,-86.312479506509,-83.81850525401
37.602358,-0.980943,17.4,20.535547531290483,-96.0,-67.4458949950752,-79.360547060968,-86.914218694787,-89.125394761038
37.602392,-0.98097,17.2,20.675878312838776,-98.0,-73.4716704919927,-79.863398229296,-87.467994326891,-86.875885576294
37.602432,-0.981,17.5,20.83867961475008,-86.0,-67.045510322724,-80.44674439137,-88.110416796967,-86.027840635917
37.602463,-0.981037,17.9,20.96451155715853,-84.0,-76.4059003116581,-80.897616816365,-88.60694972336,-90.569167977737
37.602498,-0.981083,17.0,21.105493089333976,-79.0,-77.5771147217707,-81.402748680516,-89.163237020646,-91.397824051034
37.60253,-0.981132,14.9,21.234465459629448,-83.0,-74.85106674890139,-81.864860859918,-89.672147967602,-90.995976812897
37.602557,-0.981182,13.5,21.346137334223016,-86.0,-72.3732688559595,-82.265014985735,-90.112826279438,-90.600708639901
37.602542,-0.98123,12.7,21.31150117787773,-83.0,-70.31357545963179,-82.140968503777,-89.976217431167,-92.110935592129
37.602515,-0.98126,12.7,21.238483755827655,-81.0,-67.39781974855859,-81.879365135279,-89.688121111867,-96.506697031587
37.602492,-0.981298,14.1,21.18162176824322,-78.0,-77.51638906521211,-81.675612269209,-89.463733898895,-90.885127186636
37.60247,-0.981338,15.2,21.132311939203596,-85.0,-82.9172428149599,-81.498824737707,-89.269042838852,-91.30656259239
37.602443,-0.981387,14.8,21.07674551880772,-84.0,-81.1970985308143,-81.299727836297,-89.049783106803,-86.599231305937
37.602427,-0.981447,15.3,21.076338783998295,-92.0,-84.9236537306691,-81.298274663921,-89.048182769563,-87.268145166086
37.60241,-0.981478,16.3,21.049034519890363,-80.0,-83.48188290063419,-81.200544107424,-88.940554898517,-90.220018289654
37.60235,-0.981492,16.9,20.854225951046907,-107.0,-90.5404455016185,-80.502461689263,-88.171776666057,-87.734381738361
37.602265,-0.981537,17.8,20.60629858505552,-80.0,-96.3891280507753,-79.614062346532,-87.193407839317,-85.113060542649
37.602073,-0.981863,21.1,20.59324812241927,-83.0,-75.908603759592,-79.567320859884,-87.141932774836,-87.078475513278
37.60205,-0.981913,20.2,20.646376601176712,-78.0,-77.6426026697442,-79.757760988028,-87.351659049692,-88.625564120304
37.601982,-0.982143,18.9,21.04681680814374,-97.0,-99.3698546898281,-81.192520271827,-88.931718477506,-85.596358369041
37.602033,-0.982188,19.1,21.256634034645316,-85.0,-96.29126621037088,-81.944394439069,-89.759736027135,-88.547589650218
37.602088,-0.982255,18.6,21.517160444541016,-86.0,-92.899650673238,-82.877836365157,-90.787708964676,-92.106725043999
37.602133,-0.982293,18.8,21.68379612852774,-90.0,-89.2038020011385,-83.474880613525,-91.44521674602,-92.538319546359
37.602175,-0.982328,19.4,21.833865891292543,-98.0,-82.6869978716111,-84.012603524564,-92.037395632564,-92.886181011418
37.6022,-0.982372,19.5,21.965022672323524,-78.0,-81.18844318254689,-84.482606830843,-92.554996852208,-93.55897209745
37.60222,-0.98241,19.9,22.07367731595219,-90.0,-90.4677181685687,-84.871895764084,-92.98370963773,-91.46836381256
37.602268,-0.982488,21.4,22.299658195037395,-84.0,-86.7462548040122,-85.681598830603,-93.875412502752,-94.169305505756
37.602305,-0.98251,21.8,22.400347789488322,-98.0,-80.02600740602449,-86.042444975681,-94.272802057891,-91.370142279673
37.602328,-0.982533,21.5,22.477818401710813,-84.0,-79.6760647940289,-86.319967457163,-94.578429641729,-93.699300801037
37.602357,-0.982537,21.0,22.53238629706486,-85.0,-88.6755324420651,-86.515557794554,-94.793827694958,-95.911705587463
37.602373,-0.982553,20.4,22.585055858202587,-83.0,-86.58822194031691,-86.704242994657,-95.001621317678,-96.48482166965
37.602397,-0.98256,20.2,22.635768963716664,-91.0,-99.2633554889344,-86.885933857046,-95.201712276006,-93.326706248767
37.60245,-0.982523,19.4,22.666056029809972,-85.0,-89.4006283322842,-86.994464059021,-95.32123348822,-96.232537125438
37.602503,-0.982447,18.5,22.644423736881,-100.0,-92.838561093362,-86.916934594255,-95.235852502628,-95.04619097483
37.602532,-0.982385,17.6,22.607104281541282,-91.0,-104.2024990824692,-86.783286152396,-95.088669290116,-95.553566266767
37.602557,-0.982352,16.7,22.607699921890337,-92.0,-105.541481532198,-86.785392622303,-95.09098908527,-96.867485909308
37.6026,-0.982315,15.5,22.640996996000865,-103.0,-102.392402155075,-86.904733260569,-95.222415522265,-95.331656332344
37.602637,-0.982288,13.4,22.680136777971683,-93.0,-99.71647795815,-87.044959682886,-95.376842876813,-96.334748079742
37.602645,-0.982253,11.4,22.647470083535268,-95.0,-110.321033381059,-86.927884694049,-95.247911534836,-95.311315991571
37.602667,-0.982197,10.4,22.621875852852554,-98.0,-99.0037649936026,-86.836139612366,-95.14687529628,-92.164239090002
37.602693,-0.982165,9.5,22.637165298665018,-82.0,-91.8219431848166,-86.890980741983,-95.207270266267,-95.278390261577
37.602872,-0.981867,11.0,22.725145896509517,-95.0,-82.9010437397439,-87.206194757798,-95.554406460534,-94.910727931957
37.602902,-0.981822,10.8,22.754795102971958,-89.0,-86.7102820588462,-87.312410107377,-95.671378391907,-95.511947245914
37.60293,-0.981815,10.1,22.81322043008574,-92.0,-90.5384230155461,-87.521791710215,-95.901964371946,-96.535575302612
37.603005,-0.98189,11.4,23.04016336520766,-101.0,-101.231633167038,-88.33499898971,-96.797526326652,-93.057930882304
37.60305,-0.981928,12.2,23.1650082570731,-88.0,-103.804281122983,-88.782328341724,-97.290157367948,-95.667335819168
37.603065,-0.981953,12.2,23.21525938450503,-102.0,-106.236827971155,-88.962356911653,-97.488417691059,-95.516787046459
37.603065,-0.981987,12.6,23.24152765071127,-98.0,-109.10244854814,-89.056441965753,-97.592030874417,-96.8714109538
37.603222,-0.981817,14.2,23.444531885483716,-91.0,-109.279300103532,-89.783883477985,-98.39314143879,-98.114844542086
37.603253,-0.98178,15.4,23.485112499425224,-95.0,-96.0777934474828,-89.929274990777,-98.553256959982,-98.83929968717
37.603408,-0.98154,13.0,23.68837076574375,-103.0,-105.02870814176,-90.657541032013,-99.355275554602,-98.968908913958
37.603432,-0.98148,12.7,23.71596086531597,-100.0,-102.9793620346215,-90.75643750476,-99.46418741592,-100.97097706256
37.603457,-0.981415,12.9,23.747043645951184,-110.0,-103.744799485948,-90.867796004536,-99.586823351735,-99.327478940783
37.603503,-0.981387,14.8,23.82985465903518,-97.0,-102.55172306319189,-91.164540538766,-99.913619633353,-97.971434896566
37.603563,-0.981333,18.0,23.934154939157523,-91.0,-77.48508174285931,-91.53823840535,-100.32516242239,-99.879169344535
37.603562,-0.981275,18.7,23.921497844884826,-98.0,-78.3726246337012,-91.492872072218,-100.27520177521,-102.42303421605
37.603583,-0.981233,18.1,23.95520340450489,-89.0,-75.60187456498019,-91.613668570323,-100.40823150907,-101.84178676686
37.603603,-0.981187,17.8,23.987193019654455,-86.0,-69.1813850349301,-91.728289300835,-100.53446004643,-104.92731336449
37.60362,-0.981138,17.6,24.01424667582578,-86.0,-63.010995328301306,-91.825205385639,-100.64119096306,-99.280911016627
37.603642,-0.98107,18.8,24.050747344615214,-83.0,-67.9384828869927,-91.955997259956,-100.78522831931,-103.00926201242
37.603668,-0.981007,18.7,24.097066227965477,-81.0,-76.2211919040425,-92.121971858847,-100.96801140545,-100.77008211854
37.603683,-0.980967,17.6,24.1244542666253,-85.0,-83.4290747736251,-92.220125065848,-101.07610472943,-101.83592980688
37.603708,-0.980927,16.7,24.170446623646527,-89.0,-84.48907311071619,-92.384926609532,-101.25759596336,-101.33216487991
37.603715,-0.980882,16.5,24.184769627133544,-89.0,-79.4349881897236,-92.436238538654,-101.31410432562,-98.267999146524
37.603728,-0.980838,16.2,24.210788370651798,-89.0,-94.6364098421938,-92.52946660822,-101.41677373639,-102.67882115793
37.60373,-0.980792,17.1,24.217848452152523,-96.0,-98.4093346881319,-92.554780076012,-101.44465073561,-102.64658342405
37.603768,-0.980753,15.0,24.289556122767127,-91.0,-99.5480972203829,-92.811675353829,-101.72756216908,-102.04769307899
37.603787,-0.980725,14.3,24.326117722830528,-99.0,-102.9649293664646,-92.942696409979,-101.87185191674,-102.91107778113
37.603817,-0.98068,13.8,24.383698624485692,-101.0,-99.1027872279565,-93.149006199372,-102.09905499636,-101.12071226219
37.603845,-0.980638,14.1,24.437322414015966,-101.0,-100.8192996267679,-93.341189864539,-102.31070137875,-101.07717554981
37.603868,-0.980607,15.1,24.480721890650866,-93.0,-96.4355551973961,-93.496663968575,-102.48192056975,-102.86342078536
37.603923,-0.98055,17.2,24.57922751784434,-111.0,-103.852346594025,-93.849628426266,-102.87063024765,-101.78797016997
37.60394,-0.980515,18.9,24.61202793728607,-101.0,-98.7628233513536,-93.967152405568,-103.00005605,-101.33964770773
37.60398,-0.980458,20.4,24.688728926718294,-97.0,-109.730055651372,-94.241970166642,-103.30270500249,-103.4714967185
37.604003,-0.980427,20.0,24.731890659839017,-109.0,-95.21896140106988,-94.39665105901,-103.47305065214,-104.75350474405
37.604022,-0.980408,19.1,24.765867437152238,-93.0,-100.0853726861618,-94.518388721436,-103.60711686339,-104.47978729016
37.60404,-0.980415,17.5,24.792772332368177,-94.0,-93.7203676413766,-94.614810495486,-103.7133034097,-102.68617595655
37.604082,-0.980435,17.1,24.854275396238208,-99.0,-97.1693924258762,-94.835138398777,-103.95594423784,-106.45227649599
37.604093,-0.980448,16.9,24.8688508106574,-100.0,-98.3122988288945,-94.887395220299,-104.01349318312,-105.95158815111
37.604115,-0.980458,16.2,24.900933849107073,-115.0,-104.9102759119424,-95.002351535554,-104.14009129038,-104.02641334225
37.604147,-0.980462,16.5,24.949125555831554,-95.0,-107.400287529657,-95.175002326353,-104.33022667602,-103.80462641152
37.604188,-0.980467,17.0,25.010140493977918,-93.0,-95.4400224673525,-95.393648570944,-104.57101554146,-108.42004551437
37.604235,-0.980458,17.8,25.081497976670665,-95.0,-99.7220352703019,-95.649306904484,-104.85256476353,-104.43463002965
37.604273,-0.980458,18.6,25.13732852469385,-111.0,-90.2898998187659,-95.849362720203,-105.07288052052,-109.37452048708
37.604338,-0.98047,20.1,25.229421476464356,-100.0,-95.2829191088567,-96.179340271774,-105.43627537512,-104.70746908717
37.604397,-0.980495,21.1,25.309293146403206,-94.0,-91.412865889563,-96.465554592492,-105.75147503331,-109.47217778889
37.60443,-0.980513,21.8,25.352915877060468,-97.0,-96.2366675694677,-96.621873821009,-105.92362493577,-106.21322940166
37.604467,-0.980532,22.0,25.401767565108933,-92.0,-94.4968371137702,-96.796918083244,-106.11639618315,-105.48037956889
37.604523,-0.98055,21.8,25.476135067014305,-106.0,-95.38411750462087,-97.063364138735,-106.40982561535,-106.13699120077
37.604567,-0.980565,21.6,25.533865797560836,-95.0,-87.1394735526055,-97.270212647853,-106.63762197161,-108.21836072412
37.604602,-0.98059,21.2,25.578318990842085,-88.0,-88.2993162335962,-97.429499312826,-106.8130398271,-106.81205150185
37.604645,-0.980597,20.7,25.634110705312242,-115.0,-90.6351075856944,-97.629421111836,-107.03320799532,-106.23376863872
37.60469,-0.980613,19.9,25.69217020200494,-89.0,-83.0923376321892,-97.837447786955,-107.26230183216,-106.02455119832
37.604732,-0.980632,20.6,25.744815423681892,-92.0,-87.8156644351693,-98.02608953755,-107.47004760517,-111.39712593564
37.604777,-0.980668,22.3,25.799984049649094,-89.0,-71.0632661192936,-98.223744678972,-107.68771956812,-110.19581124395
37.60482,-0.980682,21.9,25.853072892900897,-96.0,-84.72042352304621,-98.413995819719,-107.89723771655,-106.12109699093
37.60487,-0.980682,20.0,25.91567651743581,-94.0,-82.7281587525264,-98.638319732094,-108.14427923539,-108.30694896597
37.604912,-0.980678,18.0,25.967795709166058,-91.0,-77.4986010898138,-98.825057906724,-108.34992865455,-108.79032265282
37.604957,-0.98069,17.4,26.020936478461365,-96.0,-77.4597232274951,-99.015459667184,-108.55961267618,-109.24462116741
37.604998,-0.980708,17.3,26.069292623911515,-93.0,-77.56726676281,-99.188729608112,-108.75042991417,-109.39215012078
37.605037,-0.980735,16.9,26.114110134095732,-87.0,-76.5482669590262,-99.349324497213,-108.92728847954,-112.04896156947
37.605077,-0.980753,16.3,26.160173463137095,-93.0,-78.9575154990985,-99.514372697146,-109.10905134896,-105.43613884288
37.605122,-0.980752,14.9,26.212448491748937,-87.0,-79.8712570834628,-99.701656540781,-109.31530169781,-108.22807540735
37.605165,-0.980762,13.2,26.261534676000878,-90.0,-80.7795676690546,-99.877552157372,-109.50901051744,-108.27292086345
37.605203,-0.980787,14.0,26.303790522922395,-98.0,-85.2073688138895,-100.02897439169,-109.67576750003,-106.63888080473
37.605247,-0.980802,13.1,26.35308787411344,-102.0,-107.465538640002,-100.20562005843,-109.87030232846,-109.59213901264
37.605288,-0.980813,13.3,26.398648379550778,-92.0,-108.6076711878059,-100.36884370332,-110.05005586751,-111.37376267544
37.605332,-0.980833,13.2,26.446906237764463,-92.0,-97.4827661779591,-100.54176683819,-110.2404911779,-110.44110039498
37.605378,-0.980842,13.2,26.497241859295222,-98.0,-107.503019467751,-100.72211664456,-110.43910526953,-106.77759980906
37.605422,-0.980862,14.1,26.543912286492723,-97.0,-107.882834911088,-100.88934373181,-110.62326768533,-108.62749086369
37.605463,-0.980883,15.2,26.586666390525014,-92.0,-84.9546085060608,-101.04254465947,-110.79198349211,-110.90509221619
37.605497,-0.98091,16.8,26.621834279811083,-98.0,-83.5937695754454,-101.16854796874,-110.93074733841,-111.05987118118
37.605542,-0.980957,17.4,26.668613492510133,-91.0,-86.5838093850426,-101.33617198939,-111.11534688563,-109.79595749301
37.605577,-0.980957,17.6,26.704814959682743,-107.0,-75.943359818118,-101.46590266715,-111.25821557642,-111.18503604911
37.605618,-0.980962,18.3,26.74683897735443,-96.0,-76.1142055753814,-101.61646197705,-111.424022245,-112.00423378178
37.605672,-0.980952,19.7,26.80155048781216,-101.0,-88.3022576259599,-101.81249221182,-111.63990474465,-112.08510956444
37.605723,-0.980957,19.9,26.85257924841032,-94.0,-91.1353926148842,-101.99535706545,-111.841288586,-111.48400121347
37.605772,-0.98097,19.9,26.90105666460338,-109.0,-94.893764646247,-102.16904063398,-112.03256134026,-111.18203178717
37.605877,-0.98104,26.6,27.00361856892809,-105.0,-107.2433214743281,-102.53655077043,-112.43728975881,-114.83632356959
37.60604,-0.97963,17.2,27.266603893507877,-113.0,-105.194793392817,-103.47886557759,-113.47503414689,-114.00826096659
37.606097,-0.979442,19.1,27.347710356300155,-111.0,-109.37469129484,-103.7694611606,-113.79505876412,-112.1960115734
37.606112,-0.9794,17.9,27.36818638473778,-108.0,-107.643696813211,-103.84282270546,-113.87584973854,-116.35557396009
37.606118,-0.97936,16.4,27.380619518800458,-105.0,-103.362222162521,-103.88737363297,-113.92491240279,-110.84972594295
37.606118,-0.979318,15.3,27.38817804771548,-104.0,-108.252773518266,-103.91448016257,-113.95476404978,-114.37174297161
37.60612,-0.979257,14.8,27.4013442750876,-108.0,-110.080216350593,-103.96163797712,-114.0066976043,-111.2291275375
37.606088,-0.979172,14.4,27.391053653465466,-114.0,-109.759935389133,-103.92478167056,-113.96610880636,-114.61376574736
37.606072,-0.97913,14.4,27.38625199096448,-111.0,-109.792101611339,-103.90755264777,-113.94713497555,-116.35632022473
37.606088,-0.97895,14.7,27.43825571675757,-107.0,-104.198633012555,-104.09389027157,-114.15234327953,-113.34566274363
37.606125,-0.978753,16.3,27.513499405683433,-107.0,-102.662755559373,-104.36349913961,-114.44925582687,-115.11864152154
37.606125,-0.978683,16.5,27.530135837495116,-115.0,-100.870904561213,-104.42311421101,-114.51490820262,-113.36126734886
37.606112,-0.978623,16.7,27.53445931933878,-115.0,-104.988716931987,-104.43859942882,-114.53196163079,-114.2617311333
37.606112,-0.978572,16.5,27.54715190145253,-116.0,-100.8230209460314,-104.48408877462,-114.58205774831,-114.72007502333
37.606128,-0.978512,15.4,27.574795389330575,-114.0,-97.9143779874399,-104.58315323333,-114.69115460777,-113.55789318163
37.606138,-0.978437,15.4,27.601758608152345,-115.0,-108.401719812703,-104.67976474134,-114.79755010268,-113.86569673819
37.606145,-0.97839,15.1,27.6193384937522,-115.0,-108.736237131331,-104.74275872557,-114.86692357863,-113.95493086536
37.606152,-0.97834,15.5,27.637812756873863,-116.0,-107.569598643364,-104.80894182457,-114.93980913561,-113.6741263297
37.606153,-0.978302,15.4,27.648655226439733,-111.0,-104.201662199148,-104.84780150056,-114.9826041871,-118.3812445872
37.606155,-0.978252,15.4,27.66357813160413,-119.0,-110.197079451256,-104.90127226564,-115.04149001375,-115.78083541542
37.606145,-0.978203,14.4,27.669420069214375,-115.0,-107.079714471156,-104.92218432317,-115.06451986553,-113.88547347931
37.606128,-0.97816,14.2,27.66861782578011,-117.0,-105.510091316896,-104.91932434402,-115.06137025217,-113.88115410054
37.606127,-0.978113,13.7,27.68101375348818,-116.0,-106.291336596771,-104.96373448475,-115.11027787196,-113.50305271394
37.606118,-0.978035,14.1,27.696490444067187,-119.0,-112.331215944977,-105.01917871352,-115.17133701783,-113.85402242089
37.60611,-0.977975,14.1,27.70802690654734,-111.0,-113.043420852785,-105.06053585016,-115.21688245139,-115.75994259037
37.606073,-0.977947,13.7,27.689250698901915,-97.0,-113.472142959719,-104.99325345956,-115.14278627597,-120.03541268265
37.606035,-0.977912,13.2,27.671914990393635,-110.0,-110.962786077517,-104.93114403166,-115.07438693664,-117.88758782955
37.606012,-0.97788,12.6,27.66490923861874,-117.0,-103.2695943521112,-104.90604202851,-115.04674281739,-116.14275767158
37.60594,-0.977855,13.9,27.62003720619029,-114.0,-99.5117209703639,-104.74525793889,-114.8696758909,-114.89692414369
37.605905,-0.977828,16.7,27.602995667240215,-115.0,-114.557480489989,-104.68418911765,-114.80242254196,-117.10390604793
37.605777,-0.977798,16.7,27.518500875242932,-109.0,-106.502682518292,-104.38143978041,-114.46901334226,-113.64042927069
37.605777,-0.977747,16.9,27.535723354399767,-115.0,-107.09849260855398,-104.4431378092,-114.53695961951,-116.44761113299
37.60579,-0.977692,17.4,27.563926525702676,-117.0,-115.320757136739,-104.54419273326,-114.64824852162,-117.13885791412
37.605888,-0.977628,22.1,27.655992706962156,-115.0,-112.42563631751,-104.87408503576,-115.01154949385,-110.29421002351
37.60592,-0.97763,20.4,27.6781089668766,-116.0,-119.764559779054,-104.95332722982,-115.09881665931,-112.41362572112
37.605948,-0.977628,18.8,27.69862312787241,-111.0,-114.96065676922498,-105.02682330951,-115.17975579308,-116.92092039041
37.605968,-0.977637,18.8,27.70986695654412,-117.0,-113.562902064616,-105.0671257431,-115.22413971232,-114.95681403142
37.605998,-0.977667,20.7,27.72149275193709,-113.0,-101.0045814766417,-105.10878637855,-115.27001938045,-115.15005123194
37.606013,-0.97769,23.8,27.724852699548602,-121.0,-108.649744333295,-105.12081636857,-115.28326766494,-118.03372448571
37.606052,-0.977653,25.4,27.764040481785436,-117.0,-114.766559712699,-105.26123959522,-115.43791175448,-116.27289611653
37.606108,-0.97752,25.1,27.84485344053214,-119.0,-117.780653831228,-105.55079947577,-115.75679578216,-114.28199508514
37.606145,-0.977388,22.5,27.91171149553669,-117.0,-119.882407283177,-105.79036085231,-116.02061788515,-117.64127893216
37.606143,-0.977312,21.1,27.93465589741746,-121.0,-118.11366514494,-105.87258028041,-116.11116379344,-118.53609567211
37.606128,-0.977222,19.9,27.953926392804327,-119.0,-118.384795294603,-105.94161586419,-116.18719071045,-112.61687257013
37.60614,-0.977128,20.1,27.992474763778453,-119.0,-116.835907869854,-106.07974788163,-116.33931155672,-112.87622854537
37.606132,-0.977057,20.8,28.01077695298418,-117.0,-114.139561461005,-106.145332179,-116.41153767057,-116.6486437554
37.606122,-0.976997,21.3,28.024405244140617,-119.0,-113.564258516822,-106.19415332322,-116.46530300254,-120.53124582152
37.606137,-0.976947,21.8,28.050581823788008,-119.0,-111.907151572155,-106.28793793931,-116.5685853221,-118.65890786843
37.606143,-0.976888,22.3,28.074091862036,-100.0,-115.599220166913,-106.37219908723,-116.66137971811,-116.08690643
37.606158,-0.976827,23.1,28.103844272646867,-119.0,-118.084204303752,-106.4787908489,-116.77876618138,-117.92918797753
37.606163,-0.976783,23.0,28.12162380492377,-120.0,-111.077126178546,-106.54251099547,-116.84893935918,-114.97270659649
37.606178,-0.97669,22.5,28.162161035504862,-119.0,-113.763704905612,-106.68775085121,-117.00888786479,-113.97117835422
37.606158,-0.976637,22.0,28.168250501508933,-117.0,-112.061264051418,-106.7095773733,-117.03292479029,-120.89641482458
37.606142,-0.976468,16.2,28.216995212008044,-117.0,-100.87568843449093,-106.88421801913,-117.22525154644,-117.28767719645
37.606155,-0.975987,25.3,28.392825394326096,-119.0,-100.649900542569,-107.51425513396,-117.91909342947,-116.50006579785
37.605128,-0.975225,16.1,28.180357656637874,-117.0,-111.423000536829,-106.75294813603,-117.08068777278,-118.04391387694
37.605092,-0.975202,15.9,28.17403387836705,-117.0,-111.525742997509,-106.73028768101,-117.05573246075,-118.75932748932
37.605012,-0.975172,16.4,28.150947090189465,-115.0,-111.712880822357,-106.6475641543,-116.96463140307,-117.20299635046
37.60497,-0.975173,16.9,28.131311174260233,-117.0,-111.779924565734,-106.57721310659,-116.8871558032,-119.0758215838
37.604898,-0.97513,16.2,28.118825222294177,-117.0,-111.99809801941998,-106.53246109896,-116.83787169515,-118.63322245174
37.604862,-0.975103,16.4,28.11543504974097,-110.0,-110.31185516888,-106.52033193625,-116.82451419462,-118.25218326254
37.604817,-0.975078,16.3,28.10735094380762,-116.0,-112.264831053845,-106.49136859016,-116.79261768865,-116.644380749
37.60477,-0.975052,15.8,28.099150846841777,-116.0,-111.091658907261,-106.46198636246,-116.76025988034,-118.98996226834
37.604738,-0.97505,14.6,28.086146858460204,-121.0,-112.492788640019,-106.41539126598,-116.70894603116,-116.61010904338
37.6047,-0.975068,14.5,28.06083604204297,-113.0,-119.60126007248,-106.32467809743,-116.60904620907,-112.56843577102
37.604663,-0.975097,13.5,28.03042425980397,-121.0,-109.814331345997,-106.21572116627,-116.4890550522,-115.94029621667
37.604647,-0.975145,12.7,27.999674110807348,-117.0,-109.153450894528,-106.10553175436,-116.36770659947,-118.52653917647
37.604622,-0.97519,12.5,27.96621506406771,-119.0,-105.158760619267,-105.985654909,-116.23568965291,-115.6245581587
37.604607,-0.975237,12.2,27.9359833100617,-112.0,-100.5347841700956,-105.8773257208,-116.11638981143,-112.88753986667
37.604602,-0.975292,13.1,27.906046084251326,-121.0,-108.320751957519,-105.77006866689,-115.99827068082,-116.17676067239
37.604603,-0.975345,13.6,27.879858442291937,-114.0,-105.029353559159,-105.67622288474,-115.89492100083,-115.15995993193
37.60461,-0.975402,14.0,27.854415980609893,-121.0,-104.270988547114,-105.58506176999,-115.79452786838,-118.69884306502
37.604617,-0.975458,14.2,27.829539512220975,-115.0,-109.215989230536,-105.49593673185,-115.69637700896,-116.81542810429
37.604608,-0.975553,14.2,27.776493503539506,-117.0,-112.826396038198,-105.30584034182,-115.48702928307,-114.52161021519
37.604592,-0.975603,14.8,27.74281872154343,-117.0,-107.439817579632,-105.18518558624,-115.35415564621,-114.85183187609
37.60457,-0.975653,14.9,27.706163981916866,-104.0,-113.436033657965,-105.05385098708,-115.20952060258,-117.84993916074
37.604552,-0.9757,14.7,27.672798264723987,-117.0,-109.705464106213,-104.93430836567,-115.07787172732,-116.08007772851
37.604533,-0.975743,14.4,27.64078199529792,-116.0,-109.931834864764,-104.81957934332,-114.95152393124,-114.16816382329
37.604528,-0.975785,14.4,27.616151540768964,-115.0,-109.962291566035,-104.73133135121,-114.85433893757,-115.83252259953
37.604402,-0.976202,11.0,27.323583714234147,-107.0,-116.987282105209,-103.68302846418,-113.69987290375,-110.67462054386
37.604388,-0.976257,10.5,27.285128588994915,-117.0,-118.001554021187,-103.54523457022,-113.54812442322,-113.83228874808
37.604373,-0.976307,10.4,27.2486381754856,-117.0,-117.34491805804,-103.41447259366,-113.40411999252,-109.37379059514
37.60436,-0.976355,9.7,27.21437967515689,-107.0,-116.513334476347,-103.29174015302,-113.26895826042,-110.79823919825
37.604372,-0.97648,7.9,27.150602354018258,-108.0,-104.09528032263,-103.06320386073,-113.01727776788,-114.22489520092
37.60441,-0.976495,6.3,27.16498324200009,-110.0,-105.668927756048,-103.11472853126,-113.07402041617,-113.08071271836
37.604453,-0.976493,6.2,27.192011449029586,-104.0,-114.65142758077,-103.21156546024,-113.18066416076,-112.17653680071
37.604508,-0.976483,6.2,27.230622480349854,-121.0,-103.341027256824,-103.34993068938,-113.3330418364,-115.77977669696
37.604548,-0.976488,5.6,27.25203285551446,-113.0,-108.589963491344,-103.42664731264,-113.41752766287,-111.79976323412
37.604588,-0.976495,5.6,27.272467478251116,-116.0,-109.04811003286666,-103.49986173443,-113.49815661485,-111.3214682467
37.604455,-0.976795,19.0,27.025459882821217,-103.0,-108.385918785889,-102.61480001771,-112.52346342033,-109.97154092528
37.60443,-0.97683,21.3,26.989526322092978,-117.0,-107.888137548961,-102.48603869963,-112.38166225767,-112.85951721705
37.604398,-0.976875,23.9,26.942980134134284,-117.0,-108.06440683353898,-102.31928111653,-112.19801689338,-111.22356220488
37.60437,-0.976922,26.6,26.897473727829535,-117.0,-106.06322502939,-102.15621068026,-112.01843207861,-112.57944673896
37.604238,-0.976992,35.7,26.76717380882774,-117.0,-102.469596838598,-101.68933345232,-111.50427351977,-112.72535555555
37.604203,-0.977042,37.2,26.71308017826142,-117.0,-103.15741035854587,-101.4955121235,-111.29082362517,-109.9043111764
37.604165,-0.977107,39.6,26.646993136830122,-114.0,-114.81571581743124,-101.25870706073,-111.03003697181,-110.46213566253
37.60432,-0.977298,42.0,26.64434178924395,-116.0,-116.645625924271,-101.24920494705,-111.01957256536,-113.53396330758
37.604345,-0.977507,40.0,26.541929118714158,-107.0,-118.873267136,-100.88224393016,-110.61544887652,-107.50546658876
37.604325,-0.977565,40.1,26.492501338117414,-103.0,-115.94265311867888,-100.70514122173,-110.42041072112,-108.21122348898
37.604293,-0.977608,39.7,26.441696572533363,-117.0,-118.678164948767,-100.523112214,-110.21994737299,-107.66293647068
37.60426,-0.977625,39.1,26.404923687305512,-110.0,-115.667475602381,-100.3913361524,-110.07482615938,-112.40808622797
37.604217,-0.977635,38.7,26.363936050989814,-121.0,-113.127902316874,-100.24446918674,-109.91308576408,-111.72025982702
37.60419,-0.97765,37.6,26.332765156093494,-115.0,-116.970292533843,-100.13277240869,-109.79007729206,-110.59808805085
37.604147,-0.97768,37.2,26.27890994325123,-117.0,-116.0225238008,-99.939811091744,-109.57757450398,-105.23879471588
37.604078,-0.977773,36.6,26.16273811577934,-119.0,-107.123454863975,-99.523559168484,-109.11916814751,-108.48204943076
37.604042,-0.977822,36.9,26.100519379968333,-109.0,-116.35395589221334,-99.300615625625,-108.8736467902,-112.4816672799
37.603992,-0.97797,35.8,25.960282922975985,-117.0,-96.8492675479742,-98.798139363419,-108.32028403151,-112.72131039176
37.604003,-0.978032,35.6,25.9298904986233,-103.0,-97.0949867495901,-98.689225519101,-108.20034032494,-108.90127189679
37.60399,-0.978087,35.1,25.88202214165662,-119.0,-103.02452741593169,-98.517728733305,-108.01147581206,-110.91040678453
37.603947,-0.978133,34.8,25.811209908851925,-113.0,-108.90693714961,-98.26398380399,-107.73203376742,-109.38199586895
37.603895,-0.978182,33.7,25.728472159967968,-119.0,-104.103985217288,-97.967542564371,-107.4055714955,-101.08987002793
37.603872,-0.978213,33.0,25.684962401679805,-102.0,-104.569118598724,-97.811627351202,-107.2338665236,-106.90735019047
37.603863,-0.978218,32.9,25.67271102749903,-111.0,-104.440146253148,-97.767738664238,-107.18553316594,-108.12031597013
37.603838,-0.97821,32.2,25.65368414062938,-98.0,-104.432151255972,-97.699546687857,-107.11043528967,-107.99658193056
37.603853,-0.978197,28.2,25.677343126200757,-105.0,-104.545441657888,-97.784334616042,-107.20380981375,-107.57049852919
37.603823,-0.97819,27.8,25.652939762396375,-107.0,-104.293340982926,-97.696868064655,-107.10748539843,-105.91251161359
37.603795,-0.978188,27.3,25.62703168100372,-115.0,-104.277386968439,-97.604058436455,-107.00527680519,-105.88006162705
37.603765,-0.978178,26.6,25.60498441364674,-102.0,-104.116585955163,-97.525061589538,-106.91827983354,-108.75396629324
37.603747,-0.978192,25.9,25.577381226095426,-114.0,-101.961447810027,-97.426128801703,-106.80932797945,-105.94686692209
37.60373,-0.97823,25.3,25.533112741907367,-103.0,-103.645779456729,-97.267504582898,-106.634639657,-105.69449537244
37.603717,-0.978265,24.7,25.49463076236982,-101.0,-103.1911052505945,-97.129645616823,-106.48281951441,-106.65241301778
37.603725,-0.978317,24.0,25.46480969539267,-107.0,-105.137862799161,-97.022768633241,-106.3651189444,-111.93668481165
37.603752,-0.978368,22.9,25.455755289524852,-109.0,-103.357852739904,-96.99034885767,-106.32941597136,-109.11331894678
37.603773,-0.978432,22.2,25.43220964965623,-102.0,-103.147299287946,-96.905957493204,-106.23647817158,-108.28600183532
37.603768,-0.978478,21.8,25.394499833442286,-119.0,-102.2331564073974,-96.770845907102,-106.08768364009,-106.08979921482
37.603725,-0.978498,21.3,25.333894362895343,-105.0,-99.2522872053568,-96.553685209635,-105.84853076528,-107.01318826049
37.603687,-0.97851,20.2,25.283972922539167,-115.0,-96.8268000329945,-96.374824267818,-105.65155631766,-108.93870988356
37.603638,-0.978505,19.0,25.234329855266004,-103.0,-95.141671225538,-96.196954027952,-105.45567290182,-107.72202522859
37.603595,-0.97848,18.3,25.20580468502997,-123.0,-89.6268035995712,-96.094715738174,-105.34308079283,-105.61235511283
37.603505,-0.97846,17.9,25.123321227232754,-117.0,-98.61478052953552,-95.799171343597,-105.01760619075,-105.54671274055
37.60346,-0.978457,18.2,25.077007388197742,-106.0,-102.831297349369,-95.633218623135,-104.8348471987,-104.71769273055
37.60342,-0.978448,18.7,25.041336266441235,-119.0,-102.81698169546,-95.505415112497,-104.69410084203,-108.00118867382
37.603383,-0.978435,20.4,25.012085680910122,-111.0,-101.689574971165,-95.400594233446,-104.57866460123,-104.53588429642
37.601723,-0.97802,23.2,24.21406475408415,-103.0,-107.18521843345,-92.541176967094,-101.42967002021,-97.706523508428
37.601763,-0.978027,23.0,24.214212873823566,-100.0,-110.974423069347,-92.541742111764,-101.4302923979,-102.13691137278
37.601802,-0.978033,23.2,24.21788133942204,-97.0,-112.610535713484,-92.554860018956,-101.44473877449,-98.579764712277
37.601845,-0.978035,23.9,24.23003256809786,-119.0,-111.542521666472,-92.598428078382,-101.49271903419,-98.895226062687
37.601887,-0.97804,24.4,24.240007260618867,-103.0,-107.367560065325,-92.634133210531,-101.53204007662,-99.603469762385
37.601975,-0.978052,25.1,24.25892724087038,-111.0,-116.357898255324,-92.701975553933,-101.60675291208,-98.265961142967
37.602092,-0.97806,26.7,24.306103338953264,-110.0,-116.350436747231,-92.870975241765,-101.79286744228,-100.99546417002
37.60217,-0.978007,26.6,24.41958930636823,-103.0,-117.590742546617,-93.277622309554,-102.2406962457,-100.3454496511
37.602208,-0.977973,26.6,24.485270011822955,-105.0,-112.649646964893,-93.512962686141,-102.49986988198,-103.41516070606
37.602245,-0.97795,27.0,24.535965663844074,-105.0,-107.50749620573,-93.694608128396,-102.69991082041,-103.44461198158
37.602282,-0.97792,27.0,24.595327060474858,-93.0,-104.922025999266,-93.907291172128,-102.93413258303,-104.86448555599
37.602317,-0.977893,26.6,24.649453620668567,-121.0,-105.649208320561,-94.101254675275,-103.14773905016,-100.0931409086
37.602352,-0.977867,26.6,24.70209028060232,-87.0,-108.343641304671,-94.289843833777,-103.35542690501,-104.00570247441
37.602393,-0.977843,26.4,24.7557967181864,-111.0,-111.150317869145,-94.48228801876,-103.56736019043,-103.36447271966
37.602427,-0.97783,25.9,24.79221050902988,-105.0,-112.25425736269798,-94.612770420805,-103.71105673371,-104.67775900183
37.602457,-0.977803,25.3,24.842400307426896,-107.0,-114.422895593087,-94.792607034253,-103.90910566063,-101.24066055487
37.60248,-0.977783,25.1,24.879863311293935,-101.0,-119.14570397183,-94.926828071326,-104.0569194559,-101.56719521702
37.602557,-0.977738,24.5,24.979657387799,-99.0,-118.028723602141,-95.284415018111,-104.45071974903,-106.18496315049
37.602595,-0.977725,24.5,25.018640843336478,-113.0,-105.68831650053,-95.424098134838,-104.60454877665,-102.25297247238
37.602642,-0.977715,24.0,25.060502057066103,-103.0,-112.161294509175,-95.574115224783,-104.76975831387,-107.28183623304
37.602677,-0.977718,23.6,25.080837490669108,-110.0,-99.5392437281664,-95.646974883167,-104.84999657504,-103.80812701424
37.602718,-0.977733,22.9,25.09322172128991,-111.0,-99.7080129038426,-95.691317026257,-104.89882931098,-102.75978027962
37.602755,-0.977748,22.6,25.103626754869598,-116.0,-100.2296000350164,-95.728632399122,-104.93992366553,-106.54102521243
37.602792,-0.977763,22.9,25.11475600947748,-111.0,-100.0316191794023,-95.768492897321,-104.98382089392,-106.6888783419
37.60283,-0.977785,23.2,25.12004946412641,-121.0,-98.44213043914372,-95.787480701498,-105.00473162044,-108.56503831176
37.602868,-0.977803,23.3,25.1302039093327,-104.0,-101.3782256322224,-95.82384615413,-105.04477985496,-107.23281482204
37.602933,-0.977835,24.0,25.148265678551994,-115.0,-100.7235315319878,-95.888566480591,-105.11605450232,-101.28990123112
37.602968,-0.977853,24.1,25.157506878768192,-110.0,-98.5015305766864,-95.921684464806,-105.15252639261,-104.28091395226
37.603005,-0.977867,24.2,25.17334480458804,-113.0,-101.4368707851488,-95.978439170335,-105.2150287291,-106.26262334096
37.603027,-0.977887,24.4,25.171760968383087,-117.0,-96.376098577506,-95.972773554763,-105.20878934846,-102.99600768724
37.603053,-0.97792,24.4,25.16179595891821,-114.0,-94.6800686267076,-95.937042320518,-105.16943956054,-107.5916934819
37.603078,-0.977963,24.4,25.14198317168941,-121.0,-96.2565795087596,-95.86605263123,-105.09126064293,-102.62138706401
37.603097,-0.97801,24.4,25.113578809510706,-113.0,-103.117028872037,-95.764273055417,-104.97917370254,-103.90118363936
37.603117,-0.978053,24.5,25.090519049409032,-121.0,-102.228607190031,-95.681665323011,-104.88820016581,-103.48194546659
37.603127,-0.978108,24.8,25.047562204972063,-110.0,-101.8487870002712,-95.527753406731,-104.71870136757,-101.30104471676
37.603135,-0.978167,25.1,24.99904175590634,-117.0,-100.7629913092176,-95.353856295011,-104.52719344429,-104.14741489774
37.60314,-0.978225,25.6,24.95045931156474,-111.0,-109.348936846565,-95.179786970735,-104.33549586825,-103.27311625374
37.603152,-0.978287,26.3,24.90443100831344,-117.0,-113.171268380516,-95.014877624325,-104.15388591425,-105.0313462247
37.603202,-0.978487,32.1,24.768562542523394,-119.0,-100.184738908359,-94.528059740055,-103.61776728003,-103.66700920486
37.603218,-0.978517,33.3,24.756682833349018,-116.0,-94.9764738866755,-94.485481122429,-103.57087666432,-107.40409766922
37.603252,-0.978535,33.3,24.779254022127436,-111.0,-96.3076110671174,-94.566371434256,-103.65995885481,-100.05341597778
37.603298,-0.978542,33.9,24.82494839435723,-106.0,-101.0836412846,-94.730105502519,-103.84027450854,-104.12452769249
37.603538,-0.978558,32.1,25.082050551045917,-105.0,-94.7392872631028,-95.651317482793,-104.854778956,-106.22600384215
37.603567,-0.97856,31.5,25.11309713572125,-107.0,-93.3615561407679,-95.762542605998,-104.97726800801,-107.2383799486
37.6036,-0.978575,30.9,25.138698838918646,-102.0,-92.350082954683,-95.854275205585,-105.07829050039,-105.98846168829
37.603633,-0.978565,30.3,25.183296546404776,-98.0,-98.7714199702855,-96.014111761263,-105.25431393482,-107.45203321265
37.603658,-0.978547,28.9,25.22457275186833,-112.0,-95.2705528816915,-96.161972771307,-105.41714904281,-103.70581301424
37.60368,-0.978525,27.8,25.265318236224907,-119.0,-92.6499931569778,-96.307988459463,-105.57795195051,-105.29681081686
37.603703,-0.978503,26.8,25.30646573742244,-103.0,-99.6439804016048,-96.455414598557,-105.74030814755,-106.56999140875
37.603693,-0.978507,25.8,25.292686188625858,-101.0,-100.795229449203,-96.406053960151,-105.68594868603,-108.16177026782
37.603655,-0.978527,24.6,25.23629425582633,-102.0,-96.675436676042,-96.204002560337,-105.46343524925,-106.20209342695
37.603617,-0.978537,23.3,25.18663942972593,-97.0,-102.5950787431181,-96.026052167174,-105.26746356287,-105.15402331162
37.60358,-0.978512,22.1,25.164679439472906,-99.0,-94.5857225617377,-95.947390559758,-105.18083578091,-104.19789513464
37.603548,-0.978483,21.7,25.15188760212324,-113.0,-92.5512998103277,-95.90155017767,-105.13035307715,-109.21949674565
37.603503,-0.97847,22.0,25.113123896777772,-105.0,-90.5388533150268,-95.762630366119,-104.97736465572,-106.89578512767
37.603458,-0.978458,22.9,25.07402458240444,-107.0,-102.822915877494,-95.622545639398,-104.82309334649,-106.87914461839
37.603423,-0.978453,23.6,25.040383916978172,-108.0,-102.820192305876,-95.502001977702,-104.69034205415,-106.94850335974
37.603387,-0.978437,24.8,25.014769156405976,-110.0,-101.663179206745,-95.410224985475,-104.58927067342,-103.99764121866
37.603352,-0.97843,25.8,24.982429916152213,-113.0,-101.142437601234,-95.29433281414,-104.46164193458,-102.27948707229
37.603303,-0.978417,27.3,24.94084989966382,-113.0,-97.927287500634,-95.145348242106,-104.29756947985,-108.22169554194
37.603165,-0.978315,32.4,24.89111552933458,-116.0,-112.698214720771,-94.967181909085,-104.10135998507,-104.62366358488
37.60314,-0.978287,31.2,24.892467217169703,-109.0,-113.028319704194,-94.971985682039,-104.10665024304,-106.89796187646
37.602898,-0.977842,30.0,25.114113939961904,-110.0,-101.176836628732,-95.766212249889,-104.98130928204,-104.77194214775
37.602863,-0.977805,29.2,25.12441571601667,-117.0,-102.43624724653242,-95.803130621822,-105.02196643079,-106.42453840491
37.60283,-0.977783,28.8,25.122092935782003,-110.0,-99.0484051138379,-95.794765892078,-105.01275459279,-105.59270797362
37.60277,-0.977747,28.4,25.115371237034964,-108.0,-100.4390524251058,-95.770717197618,-104.98627045232,-104.94669625916
37.602718,-0.977708,28.0,25.119394815626684,-106.0,-99.5366410236174,-95.785115632797,-105.00212703782,-102.30159601583
37.602678,-0.977687,28.1,25.11427446624022,-96.0,-99.8838492014078,-95.76677100725,-104.98192462556,-108.72744946128
37.602637,-0.977678,28.6,25.09668835935711,-101.0,-98.4569577098432,-95.703755954827,-104.9125279478,-102.3480827449
37.602593,-0.977688,28.9,25.05749433669424,-98.0,-104.456200589568,-95.563342679784,-104.75789481769,-106.49608040532
37.602552,-0.977697,29.0,25.021593590985326,-105.0,-108.873716914367,-95.434683990954,-104.61620667769,-103.29800965542
37.602477,-0.977743,29.4,24.923482421669064,-96.0,-117.311993194046,-95.083144467996,-104.22906623973,-104.01714169295
37.602415,-0.97781,29.6,24.80814382290537,-92.0,-114.05707611572,-94.669892192652,-103.77396330986,-104.00990292586
37.602367,-0.977838,29.5,24.74589189109123,-91.0,-111.991922993504,-94.446823662408,-103.52830430752,-103.60613422558
37.60233,-0.977873,29.3,24.681596864820573,-89.0,-107.889123155783,-94.216425200651,-103.27457306091,-105.09580250614
37.60229,-0.977905,29.8,24.61864536481268,-100.0,-105.131861854358,-93.99088043206,-103.02618704799,-104.65714972734
37.602258,-0.977932,29.7,24.566241035070636,-94.0,-105.379828204354,-93.803078009224,-102.81936560267,-102.23218754948
37.602225,-0.977968,29.9,24.501443721990043,-94.0,-111.473683734136,-93.570913033157,-102.5636889443,-103.69213458819
37.602202,-0.978017,29.9,24.424844725893237,-96.0,-117.119253302703,-93.296481813907,-102.26146567928,-102.48081360072
37.602162,-0.97811,30.0,24.277943552528885,-91.0,-99.2222948150073,-92.770073358647,-101.68174707979,-102.47245449548
37.602147,-0.978162,30.0,24.197079813544438,-93.0,-98.7972249943942,-92.480317159021,-101.36264685151,-103.7267479466
37.60214,-0.978225,30.3,24.10598419035881,-93.0,-99.38357116409892,-92.153946806766,-101.00322450251,-100.06384373615
37.60214,-0.978275,30.6,24.035185850155415,-109.0,-106.89356505375198,-91.900263747571,-100.72385059367,-103.24101267161
37.601912,-0.979097,27.2,22.46437026762404,-89.0,-105.425821076439,-86.271846601535,-94.52543551758,-93.883938784625
37.60188,-0.979108,26.0,22.41222631195891,-95.0,-107.5760342200783,-86.085017833658,-94.319686330658,-94.941746032388
37.601848,-0.97914,26.2,22.31625031878538,-80.0,-105.3316250425401,-85.74112234206,-93.940964046148,-95.726903896504
37.601808,-0.979183,27.3,22.188242386774025,-85.0,-89.3537694855788,-85.282401644645,-93.435788041457,-94.698089102719
37.601752,-0.979225,29.1,22.046814879963893,-90.0,-95.611196274157,-84.775643766141,-92.877710060997,-91.21346179118
37.601707,-0.979277,30.7,21.889284837608535,-78.0,-96.7315551733587,-84.21123620665,-92.256144133128,-90.163751590966
37.60168,-0.979313,32.0,21.78136306486094,-91.0,-92.48281381087,-83.824517929635,-91.8302623379,-92.922973441574
37.601652,-0.979355,32.3,21.65564808012885,-76.0,-89.6639243367285,-83.374062098762,-91.334188194718,-89.507919787973
37.601635,-0.979385,32.4,21.566248585544784,-97.0,-97.8339737214051,-83.053700976224,-90.981383638798,-91.776375598715
37.601608,-0.97942,32.7,21.45519597397329,-75.0,-88.4972930545536,-82.655825125543,-90.543214326312,-91.611703658365
37.601588,-0.979455,32.8,21.34741132671337,-85.0,-88.5617398914322,-82.269580330363,-90.117853963107,-89.347644611434
37.601572,-0.97949,32.9,21.240214071281862,-69.0,-88.2345543866389,-81.885553009889,-89.694935641473,-87.619922857497
37.60155,-0.979543,32.7,21.07464364548379,-83.0,-88.2531551521552,-81.292287523609,-89.041589302907,-85.919676833927
37.601533,-0.9796,33.2,20.893893012283662,-69.0,-80.20207843846529,-80.644606491918,-88.328316678089,-90.199252700977
37.601518,-0.979647,32.6,20.73890568015335,-77.0,-84.4409276497394,-80.089201120584,-87.716664602968,-87.821346801792
37.601498,-0.979685,32.1,20.60629858505552,-76.0,-79.992330126889,-79.614119416234,-87.193470688549,-85.001128839385
37.60146,-0.979757,31.0,20.35025275777229,-79.0,-84.9779734363171,-78.696594371692,-86.183026558128,-87.801766004363
